first_name;last_name
John;Doe
Mary;Smith-Robinson
Dave;Smith
Jane;Stuart
Tom;Wright
Steve;Robinson
Nicole;Jacobs
Jane;Wright
Jane;Doe
Kurt;Wright
Kurt;Robinson
Jane;Jenkins
Neil;Robinson
Tom;Patterson
Sam;Jenkins
Steve;Stuart
Maggie;Patterson
Maggie;Stuart
Jane;Doe
Steve;Patterson
Dave;Smith
Sam;Wilks
Kurt;Jefferson
Sam;Stuart
Jane;Stuart
Dave;Davis
Sam;Patterson
Tom;Jefferson
Jane;Stuart
Maggie;Jefferson
Mary;Wilks
Neil;Patterson
Corey;Davis
Steve;Jacobs
Jane;Jenkins
John;Jacobs
Neil;Smith
Corey;Wilks
Corey;Smith
Mary;Patterson
Jane;Stuart
Travis;Arnold
John;Robinson
Travis;Arnold
e;Stuart;stevestuart@bogusemail.com
Maggie;Patterson;maggiepatterson@bogusemail.com
Maggie;Stuart;maggiestuart@bogusemail.com
Jane;Doe;janedoe@bogusemail.com
Steve;Patterson;stevepatterson@bogusemail.com
Dave;Smith;davesmith@bogusemail.com
Sam;Wilks;samwilks@bogusemail.com
Kurt;Jefferson;kurtjefferson@bogusemail.com
Sam;Stuart;samstuart@bogusemail.com
Jane;Stuart;janestuart@bogusemail.com
Dave;Davis;davedavis@bogusemail.com
Sam;Patterson;sampatterson@bogusemail.com
Tom;Jefferson;tomjefferson@bogusemail.com
Jane;Stuart;janestuart@bogusemail.com
Maggie;Jefferson;maggiejefferson@bogusemail.com
Mary;Wilks;marywilks@bogusemail.com
Neil;Patterson;neilpatterson@bogusemail.com
Corey;Davis;coreydavis@bogusemail.com
Steve;Jacobs;stevejacobs@bogusemail.com
Jane;Jenkins;janejenkins@bogusemail.com
John;Jacobs;johnjacobs@bogusemail.com
Neil;Smith;neilsmith@bogusemail.com
Corey;Wilks;coreywilks@bogusemail.com
Corey;Smith;coreysmith@bogusemail.com
Mary;Patterson;marypatterson@bogusemail.com
Jane;Stuart;janestuart@bogusemail.com
Travis;Arnold;travisarnold@bogusemail.com
John;Robinson;johnrobinson@bogusemail.com
Travis;Arnold;travisarnold@bogusemail.com
